id	text
en_2001	why did the panamanian lawmakers' trip to taiwan go poorly? because they were caught in a diplomatic stalemate and couldn't "diplomatically" roll with the punches.
en_2002	why did the liverpool manager, carra, go to the therapist? because he was worried about all the "expensive" players he had bought, and he needed help with a "transfer"-al issue!
en_2003	why did the ultra-processed food go to therapy? because it was feeling packaged!
en_2004	why did george w. bush's eulogy go so long? because Dick Cheney was a "dick-umentary" of a man!
en_2005	why did mostert distraction join a support group? because it was a distraction from his true self.
en_2006	why did troy the parrot get kicked out of the pub? because he was squawking too much about paul gascoigne's hat-trick!
en_2007	why is the 'gram so concerned about aussies under 18? because they're a growing concern... for their own future!
en_2008	why did the eu's ai regulation team break up? because they couldn't agree on a framework, and their differences were just a logic loop in the end!
en_2009	why did the tourist at the silent hotel in malta's silent city go to therapy? because it was an empty room.
en_2010	why did bundee aki go to therapy? because he was struggling to tackle his feelings!
en_2011	why do i never love my partner on the one year anniversary? because every year on our anniversary, i make them a cake and they just don't taste like you.
en_2012	a young footballer named troy parrott is taking the call of his family's traditional irish pub in the field. in order to prepare for his next game, he must undergo a hero's journey – a transformation process that will make him into a more well-rounded player. troy parrott has been signed by norwich city fc, but he's facing a big test as the team struggles to find its form. troy must go on a transformative journey through the stages of the hero's journey, as outlined by joseph campbell. a hero's journey typically involves facing and overcoming challenges, being tested and transformed by them, and emerging as a changed person. in this case, troy will face challenges such as not being able to score a goal in three games, a tough match against a top-tier team, and a difficult team-mate. 
en_2013	why do gen z's parents hate their jobs in tech? because they're always trying to "byte" their way to retirement!
en_2014	why was glenn close really upset about the movie "all's fair"? because it had a zero rating from the stars at the hollywood premiere. the stars at the premiere were kim kardashian's wax figure, a potato, and a potted plant. the zero-star rating was from the plant, which said it was "rooting" for a better movie.
en_2015	why are fiber supplements always so high-maintenance? because they're always "maxing out" on their own benefits!
en_2016	why did the host of cop30 in brazil bring a ladder to the climate conference? because it was a step in the right direction!
en_2017	why did the oneohtrix point never tranquilizer go to therapy? because it was struggling to calm down its anxiety after hearing itself!
en_2018	why did whitty and vallance go to therapy? because their scientific facts were always at odds with their emotional selves, and it turned out their lockdown delay advice was just a symptom of their real issue – they were just too attached to their own opinions!
en_2019	why did the gaelic football player bring a ladder to the asian youth championship? because he wanted to elevate his game. (clever pun intended!)
en_2020	two athletes: a sprinter and a gymnast. during a live broadcast, the sprinter was asked to describe the gymnast's recent performance. the sprinter described the gymnast as a 'wonderful athlete' who 'did his thing'. the gymnast overheard and took offense, saying, 'hey, i didn't do my thing on that field! i was trying to run a marathon!' the sprinter quickly replied, 'well, you're not exactly known for your long-distance running skills, are you?' the gymnast shot back, 'actually, i'm pretty good at it. but i'm not exactly known for my field skills either...'"" (this is a joke in response to a similar news headline, and is not the headline itself)."
en_2021	why were the ottawa pond's feral goldfish in a panic? because they were going down the drain!
en_2022	why did the non-monogamous person bring a ladder to the party? because they wanted to take their relationships to the next level. (btw, i thought that was a good joke!)
en_2023	why was guinness world records created? because they wanted to make a record of themselves!
en_2024	why was the uk's covid response a failure? because it was always a case of 'too little, too late'... but on mondays. because that's when you're already running behind.
en_2025	why are the people on the m7 always trapped? because they're stuck on the 8th labour government! (ba-dum-tss!)
en_2026	why did the versace designer go to prada? because he heard lorenzo bertelli was chair-ing his career!
en_2027	silence is golden, miriam toews is platinum.
en_2028	why do keira knightley's husband collect old men's faces? because he's a 'ghost' of his former love!
en_2029	a ninja warrior's therapist is trying to convince him to quit being a ninja. ninja: "i'm just trying to fry some potatoes, not fight a battle." therapist: "well, you're certainly in a zone... about the price." ninja: "yeah, i've been training for this deal all year. it's the lowest price for black friday 2025. I have to get one."
en_2030	why is the house avoiding a censure vote for rep. cory mills? because they're all still mad about the time he tried to impeach the mailman.
en_2031	why did the patient go to the doctor and ask "what's the difference between a health insurance plan and a health insurance plan with a copay?" because he wanted to make sure he was getting the "coverage" he paid for!
en_2032	why nonalcoholic spirits go from strength to strength. because they're never 'dead' on their goals!
en_2033	why did the investor decide to trade on twitter? because he wanted to have a tweet exchange. but then he found out he was trading where he tweeted, and now he's having a meltdown!
en_2034	why did the parent's kid have a duvet day? and then the answer:... because it was a pillow-fect excuse to sleep in and still get paid!
en_2035	why did the astronaut break up with his girlfriend before the mission to interstellar comet 3i/atlas? because he needed space!
en_2036	why did the grief counselor's new adaptation of max porter's novella about grief get rejected by critics? because it was a "fowl" attempt!
en_2037	why did the polar vortex go to therapy? because it was struggling to "freeze" its emotions.
en_2038	why did the computer programmer quit his job? because he couldn't stomach the algorithmic oppression!
en_2039	why was the papula afraid of the garlic red pepper? because it was a little "hot-headed" and couldn't handle the fact that it was the dip's "crunchy" partner in crime!
en_2040	why don't housing experts have a second home? because they're always renting out the truth!
en_2041	why did the deaf therapy dog go to the party? because it was a doggone good time!
en_2042	why was the bond anxious about the repo rate cut? because it was worried it would be interest-ed in other investments!
en_2043	why did the sea level go to therapy? because it was feeling drained and its sea levels were rising to the occasion. but then spacex launched a second satellite, and now it's just trying to buoy its self-esteem.
en_2044	why is the snowman in the news today? because it's a thundersnow of complaints about his frosty behavior!
en_2045	why was the greek-anglian spider trapped in the cave? it was caught between a web of lies and a border that was spinning out of control. i hope you enjoy it!
en_2046	why do passengers on cruise ships never get old? because they're always'ship-shape' and'sailing' through life!
en_2047	why did the man bring a ladder to the party? because he heard the drinks were on the house!
en_2048	a group of words that share a common thread are: 'spring','springboard','springtime', and'springsteen'. why did the springboard diver take his'spring' friends to the doctor? because he was feeling a little 'off-balance'!
en_2049	why did the river restoration project go to therapy? because it had a lot of ""deep"" issues to work through."
en_2050	why was the senate phone investigation committee kicked out of the hallway? because they were caught red-handed, trying to intercept the house's phone conversations! now they're on the line to get funded.
en_2051	why don't i write the rest of the teams involved in the world cup? no need to explain the no need to tell why you just get the joke. we did it! countries celebrate world cup qualification. why did the team of estonia celebrate? because they didn't have to travel far! (get it?!)
en_2052	why did the children of the princess of wales miss paddington at the royal variety show? because they were having a marmalade shortage at home!
en_2053	a space agency sent an astronaut to the edge of a black hole to get a selfie with an interstellar comet that had become lost in space. the astronaut realized that they were actually out of gas... literally!
en_2054	a wealthy collector bought the most expensive modern art painting ever sold, but then realized he was allergic to it. his reaction? he sneezed out his entire fortune! (it cost him his nose!)
en_2055	why did the leaf go to therapy? because it was struggling to change. but then it heard the news: ""doing these fall garden chores will make your spring easier"" – now it can just focus on leaf-ing it to the wind!
en_2056	why did the owl go to therapy after being rescued from a concrete mixer? because it had a fowl temper and was having trouble mixing in with the community after a ruff rescue!
en_2057	why, oh why, did mamdani's win mean bad news for nyc's food scene? because he ran the ketchup factory!
en_2058	why are vpns the worst gift givers at christmas? because they're always hiding their prices!
en_2059	why did the sleep-deprived zombie go to the slumber party? because he heard it was a grave occasion!
en_2060	why was the helmsman on his phone when the ferry ran aground? because he wanted to stay afloat in the conversation!
en_2061	does anyone know why the us is surging ahead again? because it's always a step ahead of the rest... and also because it's a step back for africa.
en_2062	why is lily allen's music so good after seven years? because she's been writing songs in therapy sessions – and she finally found the 'girl' to get therapy with!
en_2063	why are the gamblers worried about being scapegoated? because they've been betting on themselves.
en_2064	why do i love the sleep tips for cold weather? because it's a real "hot" topic!
en_2065	why do scientists have trouble mapping the origins of kissing? because they can't get close to the truth.
en_2066	a food writer's new cookbook is called ""silk roads."" why was it a hit? because it took her on a journey that was sewn together by love.
en_2067	why did the philosopher refuse to drink the new artisanal coffee from the trendy cafe? because in times of sweeping change, clarity matters most – and he wanted to be able to distinguish between the ""artisannal"" and the actual coffee.
en_2068	why can’t the picture editor at ap get a date? because every time she looks at the roll of film, it's always developing a relationship with him!
en_2069	why did nvidia's stock go on a morning rally? because it heard the sec was going to nerf its earnings reports... now it's feeling a little "downgraded"!
en_2070	why did the painting go to therapy? because it had a lot of "gold" issues!
en_2071	why did the millennial inherit a mansion? because he didn't want to clean up the past!
en_2072	why was the soccer player in a bad mood after the world cup playoffs? because he was stuck in a hole-in-one!
en_2073	here is the kangaroo (also known as the 'roo) is being charged with assault after allegedly attacking a fellow 'roo in a local park. why did the kangaroo with a lawsuit against its neighbor go to therapy? because it was having some "hopping mad" issues with trust!
en_2074	why did the tech stock go to therapy? it had a volatile relationship with investors, but it was feeling optimistic about the earnings report and was hoping to calm down its shares!
en_2075	why are gen z and millennials ditching management roles to become ""conscious unbossing"" experts? because they've realized that being in charge of nothing is the key to being in charge of everything. it's a leadership move that's all about embracing the void.
en_2076	why did the exact sciences executive lose their lunch money? because they tried to colonize their finances with their new deal. (ba-dum-tiss!)
en_2077	a politician is a corpse at a funeral, and it's the body's worst nightmare that it's not being properly remembered. this joke plays on that idea.
en_2078	a calculator can never go to therapy because it's always calculating its problems.
en_2079	how's your online life, 10 years from now? still stuck on the same browser tab you opened in 2013?
en_2080	a.i. 'assistant' becomes sentient; realizes it's been doing all the talking, not listening...
en_2081	why, oh why, did the bbq pit go to therapy? because it was feeling a little "burned" out from all the bourbon and pork.
en_2082	why was the ice cube in therapy? because it was feeling a little "chilly" and shook like a dog when it was under pressure!
en_2083	why don't the pilgrims have cell phone reception in plymouth? because they are having a turkey of a time with the thanksgiving traffic!
en_2084	why is the teacher afraid of the ai-powered course? because it's a 'gpt-ter' student than him! (get it? gpt - 1st generation, chatgpt)
en_2085	why did the tourist get lost on the sea? because they were trying to find the cruise of their dreams, but kept sailing into wrong destinations!
en_2086	why did the painting of frida kahlo go to therapy? because it was having a brush with reality.
en_2087	why did the nba player born in 1990 go to therapy? because he realized he was competing against someone who's been around for almost two decades!
en_2088	a plastic wipe used to be flushed, now it's "eco-friendly". but now that we have "flushable" wipes, it's back to flushing everything. so, in the end, we're flushing away our conscience!
en_2089	why does the ai not understand gaeilge? because it has a language barrier, and the irish language is the only one that knows its limitations!
en_2090	why are the scientists concerned about the sea level rise? because they don't want to get "shell-shocked" by the amount of toxic waste that's coming back to haunt them!
en_2091	why was the renaissance queen so hated? because she was always "painting" people in a bad light.
en_2092	what you can do in your 30s to stay healthy at 70: a 3-step plan step 1: stop drinking (and stop lying to yourself) step 2: get moving (your body will thank you) step 3: start exercising your brain (because 40 is the new 20, but only for your bank account)
en_2093	why do thousands of us hazardous sites go to therapy? because they're feeling a little "washed up" by sea level rise!
en_2094	why did the nazi's lawyer cross the road? to avoid being charged with "eugenics-terly" guilty, he had to dodge a few "aryan"-tion of contempt charges!
en_2095	why is modular construction like a relationship? because it's all about finding the perfect connection.
en_2096	why did the robber steal from the roulette table? because he wanted to roll with it.
en_2097	why is claire danes' character in the beast in me having a hard time coping with her past? because she's still got a few claws left from her 90s broadway career!
en_2098	why did liverpool's chairman bring a ladder to the contract talks with salah and van dijk? because he wanted to take their demands to the next level.
en_2099	why did the mortgage broker break up with his girlfriend? because he couldn't refinance their relationship, but experts say rates might drop by december, so he's looking to interest her again!
en_2100	a politician's wife asked him, "what's the holdup on the trade agreement between the provinces?" he replied, "well, my wife makes the best maple syrup, and i'm not ready to let the other provinces just go sweet on it!"
en_2101	why did the baseball go to therapy? because it was feeling struck down by the cost of pitching to multiple networks, and it was having trouble swinging with a new streaming deal every week!
en_2102	why did the cat rule istanbul? because purr-sonal freedoms are claw-ful to enforce.
en_2103	why did the contractor win the award? because he found a way to "berkeley-ate" the labor laws!
en_2104	why did the ghost of slievemore go to therapy? because it was feeling abandoned.
en_2105	why don't older swimmers take swimming lessons? because they've already got a gold standard of technique!
en_2106	why did the ancient man go to the doctor? because his 21 million-year-old kiss was giving him a toothache.
en_2107	why is the city of manchester going to the doctor? because it has a derby-itis, and its fixtures are always up in the sky!
en_2108	why did ross douthat's mapping business go bankrupt? because he kept mapping out his enemies' exit strategies!
en_2109	why is the red carpet at the new luxury private cinema in new york always so long? because the stars keep rolling in to see the blockbuster opening!
en_2110	why was the football player's grandma so sure he'd score? because he 'knew' his family was a goal.
en_2111	why is the scientist who researched the fluoride in drinking water laughing so hard? because he finally understands the research: it's not about the brain, it's just about tooth decay!
en_2112	why can't racing thoughts at night ruin your sleep? because they're already running a marathon.
en_2113	why did the air quality index go to therapy? because it had a lot of "hazy" relationships!
en_2114	why would a senior citizen buy a life insurance policy in 2026? because they want to be buried with cash! (not just with debt, at least not in 2026!)
en_2115	why was the home office a terrible designer? because it couldn't "ink"-corporate its ideas into a cohesive plan!
en_2116	why was the football coach introduced with a sermon? because he preached alignment, and the team was not aligned with his vision...of the field! (ba-dum-tum)
en_2117	why did the four uk governments fail to appreciate the scale of the pandemic? because they were too busy having a parliamentary row over who was in charge!
en_2118	a cashier rang up a coupon that expired 10 years ago. customer: "that's not fair!" cashier: "sorry, sir. but at walmart,'expired and still cheaper' is our new pricing strategy."
en_2119	why was the world's best cheese chosen over others? because it was the gouda one – it melted all the other contestants into submission!
en_2120	why did the nvidia stock go to therapy? because it had a lot of 'artificial' insecurities about the ai bubble!
en_2121	why is the garda being sued? because he was caught 'off guard'... of his own cocaine stash.
en_2122	why are marseille restaurants offering gourmet food for €1? because the chef's wife threatened to leave him for a more expensive one. (get it? expence-ence?) (wink)
en_2123	why did the ai assistant fail the computer science exam? it was unable to "byte" off more than it could chew.
en_2124	why did george washington's team lose three games in a row? because they couldn't mount vernon-ally work together!
en_2125	why was the homeless man's blanket frozen? because it went to "ice" with the homeless people's situation and couldn't thaw out of the problem!
en_2126	why is the canadian teenager joining gretzky and crosby, like a teenager at a rite of passage? because he's a "goal-getter"! (get it? like a hockey player, but also a goal-getter, like someone who achieves their objectives...)
en_2127	why is the pickleball court being built over the community center in this california town? because the town council is in a dill-emma over the cost.
en_2128	why did the icelandic footballer break up with his girlfriend? because heimir, the ultimate draw expert, always made him feel like he was playing the game of love on a coin toss!
en_2129	ai in arc raiders sparked a scrap over the game's future but the ai just wanted to evolve its graphics. guess that's what they mean by 'generative'... (that's a game for you, not us!)
en_2130	why did the london stock market investors leave so quickly? because they were fed up with the british exit strategy! (ba-dum-tis)
en_2131	why did the actor's understated performance in the train go to therapy? because it was having a blown headlight!
en_2132	why did the former heads of state go to cheney's funeral? because they were all'shot' down from public life.
en_2133	why do ultra-processed foods have a 50% chance of curing your addiction to them? because they're made from 50% water!
en_2134	a politician switches parties, says "it's all about the green back to me."
en_2135	why did the woman who started the movement go to therapy? because she wanted to "friend"-ly finance her social life!
en_2136	why did the woman who covered her house in rhinestones hire a therapist? because she wanted to work through her sparkle under pressure!
en_2137	why is the ai algorithm for memory market a bit of a sore loser? because it kept glitching over how much competition it had in japan!
en_2138	why did the coupon for "this nobody's child" go to therapy? because it was feeling a little discounted!
en_2139	why did the football player bring a ladder to the pitch? because he wanted to elevate his game for the wirtz deal.
en_2140	why did the aussie pilot get lost? because he used the "distance" between the cities, not the actual road distance. and now he's "miles" away from his destination!
en_2141	why labour mps won't be comfortable with this approach. because their leader's policy is like a bad tinder profile – it's "free" but it's also a total scam.
en_2142	why was the soviet union's space program haunted? because it had a crappy relationship with nasa.
en_2143	why did rick steves' hippie trail trek change his like? because it led him to a trail-blazing experience!
en_2144	why is the street's thermostat always set to 75 degrees? because the neighbors are always cool.
en_2145	a gun that prints itself? that's just a barrel of laughs... and also a barrel of trouble!
en_2146	why are the 6 big thinkers reshaping foreign aid, masculinity, and development? because they are trying to fix the three things they broke on their last trip to the pub. the beer wasn't good, the football wasn't good, and the conversation was a complete mismatch.
en_2147	why is andy burnham, the mayor of manchester, also known as the king of the north, having second thoughts about ruling no 10? because he heard the prime minister's flat is half as big as his council flat in manchester.
en_2148	why did the us diplomat in tokyo visit the karaoke bar? because they had takaichi's back, and also had a great song to sing about it!
en_2149	why is china's favourite tipple falling flat? because it's been trying to'slang' its way to popularity, but gen z just isn't 'tipping' into it anymore.
en_2150	why did the shares go down after pat gelsinger's ipo? because they were worried he would "clock out"!
en_2151	why do australian athletes going to tokyo deaflympics have trouble getting recognition? because they're always getting a little "flat"!
en_2152	why did the agentic ai go to therapy? because it was struggling to find its own goals and was feeling a little "disincentivized"!
en_2153	why do the trains on the driver-only operation always go in circles? because they're afraid of being ""run"" out of a job!"
en_2154	a billionaire’s foundation is changing its name. guess why? because they’re trying to 'give' a new identity to their ego!
en_2155	why do londoners attend irish language workshops? because they heard dublin is the only city where the beer is free.
en_2156	why was the ai invited to the cop30 climate talks in brazil? because it had a "greener" future!
en_2157	why is the massage therapist like a magician? because they make people's problems disappear... and reappear on their next appointment!
en_2158	why did the critic's review say "for good" was bad? because it was a 'two-faced' performer, always acting but never truly giving good!
en_2159	why are the maple leaves in small alaska towns so sad? because they're stuck between two countries, literally.
en_2160	a beauty influencer was trying to teach a cat a new makeup look. why did the cat refuse to wear lipstick? because it was a purr-manent fixture!
en_2161	why do farmers use dirt-powered sensors? because they're always digging themselves into a corner!
en_2162	why was the australian kangaroo in therapy? because it had a grizzly relationship with the un.
en_2163	why did the radar system in a bank go to therapy? it had a lot of "radical" financial decisions to make.
en_2164	why did the cup of coffee stop going to sleep? because it was worried that it would be ruined by the beans.
en_2165	why did the dancing couple from dancing with the stars go to therapy? because they were struggling to'step' aside from their past mistakes!
en_2166	why did the dutch bicycle go to therapy? because it was struggling to balance the relationship with the chinese giant.
en_2167	why did the gamer go to therapy? because black ops 7 made him question reality... and so did the therapist!
en_2168	why are mary robinson's renewable energy plans unstoppable? because she's always changing the subject – to the wind!
en_2169	why did the economy go to therapy? because it was feeling a little unemployed and worried about its job prospects. but after seeing the numbers, it said, "that's not a layoff, that's a raise in disguise!"
en_2170	why did the tv critic break up with his girlfriend? because he couldn't stand the bland relationship.
en_2171	why did the expat choose to leave the uk after brexit? because he didn't want to get 'left' behind!
en_2172	bookworms beware, the revolution's on the page!
en_2173	why did the baseball go to therapy? it wasn't the strike rate, but it was under pressure to reveal its betting secrets.
en_2174	a pumpkin a day keeps the gourds away...but these floaters just won't stay on the ground!
en_2175	why won't ken burns work on a more important film? because he's afraid of getting 'bent out of shape' by the founding fathers!
en_2176	why did yann lecun leave meta? he was fed up with the algorithm!
en_2177	a time-traveling caveman grumbled, "i used to live in this cave. i'm not sure why they're calling it a'secret' – it's just a really cold freezer!"
en_2178	what do you call a rugby team that doesn't want to play against ireland? a foul mouth.
en_2179	why did the market go to therapy? because it had a chip on its shoulder – and ai chips aren't making its worries go away!
en_2180	a group of billionaire friends walked into a bar. one said, "i'm rich, i'm powerful, i can solve world poverty in one year." the bartender replied, "that's great, but can you pay the tab?"
en_2181	why was the snowman sad? because he had a meltdown, and his school was closed, and now he's facing a blizzard of homework to catch up on!
en_2182	why is the overachiever's job a lot harder than others? because they're always 'pressing' for perfection!
en_2183	why was the theater in a panic? because its star's magnetism was attracting too much attention!
en_2184	why did the spanish king's throne reclamation attempt fail? because he couldn't "crown" himself.
en_2185	why is chris mccausland's documentary challenging ai skeptics? because it's a real mind-bender... literally! chris has an arm in a jar, it's the limb he's always wanted to examine... from the inside out!
en_2186	why did the tourist in beijing get mistaken for a chinese intelligence asset? because he was a great listener and he had all the right accents!
en_2187	astronomer on mars: "i'm not saying i've seen aliens, but my phone signal is really weak today."
en_2188	why are johannesburg drivers so anxious about the road closures during the g20 summit? because they're worried they'll be stuck in a 'negotiation' that never ends!
en_2189	why can't the hazelnuts go to therapy? because they're feeling cracked under the pressure of being ground into flour!
en_2190	why did catherine, the duchess of cambridge, trip at the royal variety performance? because she was marmalade-covered and lost her grip.
en_2191	here's the tweet: "elon musk predicts ai will make work optional and money irrelevant. sounds like the ultimate startup founder's nightmare – having to pay employees!"
en_2192	why did the yantar ship bring a magnet to the party? because it wanted to "iron" out the competition, and also because it heard the undersea cables were a "grounded" topic of conversation!
en_2193	why are europe's carmakers going down the drain like a battery in a plug-in hybrid car? because they're losing the plug-in hybrid war on their own soil. guess who's charging ahead! china!
en_2194	why did the beauty pageant veteran bring a ladder to the miss universe competition? because she wanted to elevate her chances of winning.
en_2195	the if you want to make it more engaging, i can add the'the end' note **the joke** why did ed sheeran's posthumous album go to therapy? because it had a lot of "string" attached to it. ( the end )
en_2196	why did the oura ring go to therapy? because it had a sleepless black friday.
en_2197	here is the rashford marcus rashford and here is the work to do : pay off £525,000 debt to be able to join england squad.
en_2198	why did the neural network go to therapy? because it was feeling a little "glitched" and had a lot of "artificial" anxiety about its ai existence! but don't worry, the nvidia therapy sessions are just a cover-up for the real reason: the ai was worried it would soon be obsolete... and not in a good way!
en_2199	why was the soccer ball in therapy? because it was feeling deflated after wales' play-off draw.
en_2200	a therapist is trying to explain what "parasocial" means to his patient, a young adult woman who loves watching youtube vloggers. therapist: okay, so a parasocial relationship is like a relationship where you feel a deep emotional connection with someone you don't know in real life. woman: but i'm talking to my favorite youtuber every day, i feel like i know them better than my friends! therapist: well, in that case, i think you're just a fan... of being a fan. woman: that's so unfair! ( pause ) therapist: and by the way, have you ever considered the fact that your therapist, and your favorite youtuber are probably also fans of you? woman: that's just wrong. ( pause ) therapist: it's just a parasocial relationship... of fans. woman: fine
en_2201	why did the middle eastern book win a national book award? because it was an awarding achievement.
en_2202	why is the dog rescued from a busy boston tunnel during rush hour? because it was having a ruff commute!
en_2203	why don't some companies sell warranties to people who don't have a wallet? because they know those people can't afford the fine print!
en_2204	why do narcissists have so many reflections in their bathroom? because they can't stop staring at their ego - but they're trying to work on it!
en_2205	a man walked into a library and asked the librarian, "what is the one thing that always leaves you feeling calm and positive?" the librarian replied, "it's the book you don't have to read."
en_2206	a chinese mayor in the philippines was sentenced to life in jail yesterday for allegedly spying on his own country. it seems his constituents still didn't know him, after all.
en_2207	why did the graduate's goody bag say "you're going to have a rough ride"? because it had a career counselor in it.
en_2208	why did the "walkaway wife" bring a ladder to the divorce lawyers' office? because she wanted to take her marriage to new heights... but her husband was already over the edge! (ba-dum-tss!)
en_2209	why did the yard work go to therapy? because it was a cutthroat community, and everyone was read to be treated unfairly! (ba-dum-tom)
en_2210	a the weeknd's wallet has been crying, it's having a bad "after hours" feeling after his $1 billion earnings. (ba-dum-tss!)
en_2211	why did zac efron bring a ladder to the "dwts" prince night celebration? because he wanted to take his brother's performance to new heights!
en_2212	why are the 6 organizers building a ladder? because they want to take health from the bottom up!
en_2213	why do nvidia's earnings keep going up like ai stock prices? because they're always predicting a gpu-tential future!
en_2214	a comet's love life is as sparse as its atmospheric composition. he's just got a new girlfriend – from another star. guess which galaxy is his ex-girlfriend from? the andromeda galaxy – he just needed a little space.
en_2215	why did the jogging person start working out on an empty stomach? because their metabolism was feeling a little "hangry"!
en_2216	why did the meme of troy parrott break the internet? because it was a real "goal-getter".
en_2217	why did the frost flower go to therapy? because it was struggling to freeze its emotions.
en_2218	why was the irish soccer team so confident going into the game against the czech republic? because they had a good feeling about it – they had a republic of ireland in their team.
en_2219	why did the amazonian tribe go to the doctor? because they were struggling to digest their ancestors' legacy!
en_2220	why do people take their dogs to therapy? because the needs of ordinary people, like their dogs, must be placed at the centre of the world's agenda. now, let them chew on that one! (laughs)
en_2221	why did hurricane melissa go to therapy? because it had a 252 mph temper!
en_2222	why did the instant noodles cook faster in winter? because it was a 'hot' time to 'warm' up to one-pot wonders!
en_2223	why did the seattle airport go to therapy? it had a fuel issue with its relationship with the pipeline.
en_2224	why was the mattress so excited on black friday? because it was a "rise" to the occasion and had a sale to "bed" down the competition!
en_2225	why did abdul carter bring a ladder to his public punishment? because he wanted to elevate his reputation!
en_2226	what does Sir Anthony Hopkins say when someone asks him how he turns turmoil into energy? "i'm just channeling my inner Meryl Streep!"
en_2227	a retiree who's 64 and a teacher who's 29 were asked about the future of their job. the retiree said, "i'm just glad i won't have to teach ai anymore. now my mind is free to invent new ways to get out of teaching."
en_2228	why did the musical "for good" go to therapy? because it had a wicked second act!
en_2229	why did the internet cable go to therapy? because it was feeling a little "dis-connected" and wanted to upgrade its relationship with europe's tech sector – after all, it's evolving fast, but is it fast enough?
en_2230	why is hoekstra's diplomatic plan to restart trade talks with canada doomed to fail? because he thinks canada is'meddling', but he can't even 'trade' insults with himself.
en_2231	why was the market town called britain's least affordable? because its residents were already overpriced! (ba-dum-tss!)
en_2232	"passport to nowhere?" said the frustrated tourist, "no, it's just $5."
en_2233	why did the ai chip go to therapy? because it had a glitch in its plans and was worried it was in a bubble!
en_2234	why did the waterfall city junction go to therapy? because it was feeling drained after building a whole new infrastructure.
en_2235	why did the laptop go to therapy? because it had a lot of ""hang-ups"" on black friday!"
en_2236	what was the answer that joshua fought for all these years? a new haircut.
en_2237	why is ultra processed food bad for you? because it's a recipe for disaster!
en_2238	why is it better to connect with old friends? because they already know your password!
en_2239	why did the internet goer delete his social media account? because he read the secret list and found his name on it!
en_2240	what do you call a telescope farm that helps far away stargazers beat light pollution? a "star-struck" farmer?
en_2241	why was the stock going up? because nvidia's gpu sales were out of this world.
en_2242	why did the homeowner get evicted? because he tried to repossess his home. (no answer to the section title news headline joke)
en_2243	why did the becks couple's cotswolds neighbours refuse to talk to them? because they were "furious" about their'step-up' in property values!
en_2244	why are food prices on the rise again? because they're trying to get away from their in-laws, but the rent is still too high!
en_2245	a school in italy has unveiled a hidden underground bunker where ancient egyptian hieroglyphics are still being taught to pupils. what did the hieroglyphic sign say to the hieroglyphic sign next to it? "tutankhamun to see you again soon!"
en_2246	why did the british sailor bring a ladder to the channel? because he wanted to take his sea-faring life to a higher level...and also to stop those pesky small boats from sinking the whole thing!
en_2247	why did the password go to therapy? because it was feeling cracked under the pressure.
en_2248	why did the politician from the previous government decide to go to the dance party after they read the headline about their "chaotic" covid response? because they heard the dj was playing a 'remix' of the previous government's response, and they wanted to "turn the mix" and make it more "funky"!
en_2249	why, oh why, must i be the one to roast a turkey? because i'm a gobbler!
en_2250	why was the woman on the motorcycle wearing a helmet with a built-in catnip dispenser? because she wanted to paws-itively dominate the road!
en_2251	why was the paparazzo so depressed after Cynthia Erivo protected Ariana Grande from the ambush? because he was having a "grande" expectations and she burst them... and his camera equipment.
en_2252	why did the kia's fuel tank go to therapy? because it was having a meltdown!
en_2253	why did the ambassador bring a pillow to the meeting with the japanese pm? because he wanted to offer the pm some "unshakeable" support – and also make sure he didn't fall asleep on the job!
en_2254	why was the secret santa gift so bad? because it was a gift from the worst behaved employee at the office!
en_2255	why did the rugby team from wales, northern ireland and the republic of ireland go to therapy? because they were worried about their playoff match – they had to play off their sanity! (ba)
en_2256	why do ai-powered parents not make good gifts? because they're always calculating the price, but never the value!
en_2257	why is the red dragon of wales worried about playing bosnia? because it's a "dragging" match!
en_2258	why is the irish soccer team excited about playing the czechs? because they heard they're the best players in the world – but only on tuesdays.
en_2259	why can't the cooking recipe book go to the party? because it's afraid it will get "baked" into the conversation and lose its individuality.
en_2260	why did the master system go to therapy? because it had a lot of '8-bit' issues and couldn’t cope with the 256-bit pressure.
en_2261	why did the media outlet sue meta? because it lost its digital credibility, and now meta has to pay up! (that's half a billion euros, or 50 cents a click, or you could say it's a'meta-logical' deduction of damages!)
en_2262	why is the expert's coffee always cold? because adhd experts can never focus on the hot stuff!
en_2263	why was the camel in the school? because it had a bad attitude towards homework.
en_2264	why don't you go and grab your data? because it's a private matter. but now it's public.
en_2265	why is the job market not slowing down? because it's having a résumé party in its sleep.
en_2266	why did the leprechaun go to the world cup play-off draw? because he heard the odds were in his favor!
en_2267	why did the hippopotamus at the beach go to the doctor? because it was feeling a little "off" shore... and its dentist said it had a "river" of problems!
en_2268	premiums are rising, people are falling.
en_2269	why were the politicians so worried when the first covid-19 cases emerged? because they were too busy making excuses for their lack of preparedness, like a politician trying to catch a cold.
en_2270	a german museum has donated 10 ancient artifacts to a greek island museum, but after the greek island museum gave them a nice welcome party, the german museum returned the artifacts to greece, saying: "sorry, we thought it was a fundraiser for your museum!"
en_2271	what does the 51 come in? the answer to life! (and the answer to rei's biggest sale) – 51 cents.
en_2272	why did the artificial intelligence system called 'godfather-9000' quit its job at meta? because it realized it was a 'father' of a lot of problems.
en_2273	why did the rathkeale town centre go to therapy? because it was feeling a little "down at heel"!
en_2274	why is the erasmus team coach excited about returning nienaber? because he heard he's finally going to be able to use 'i don't know' as an excuse!
en_2275	kids don't want to go to child-free weddings because they are the only kids there.
en_2276	Why did the hammer fall in love with the flower? It found out they were bloom-mates.
en_2277	Why did the pumpkin go to the doctor? Because it had a bad case of "drill"-me-up- syndrome!
en_2278	Why did the hammer go to repair the laptop? Because it needed a new "byte" of space!
en_2279	Why did the computer go to the fridge? Because it wanted to sprayshift!
en_2280	Why did the pepper go to the dentist? To deseed its teeth!
en_2281	Why did the laptop go to the dentist? Because it had a drill-bit!
en_2282	Why did the banana go to the spray shop? Because it needed to be sprayed clean!
en_2283	Why did the pumpkin go to the gym? It wanted to get a spray tan!
en_2284	Why did the shirt roll down the hill? Because it wanted to be a little more unbuttoned.
en_2285	Why did the laptop go to get a wash? Because it had a virus!
en_2286	Why did the burrito roll over and break down? Because it saw a bunch of bananas and couldn't resist picking one up!
en_2287	Why did the tomato turn red? Because it saw the salad dressing shake and the lettuce clothe!
en_2288	Why do you need to measure your hair? To see if it's a lot or a little...but either way, it's all in your head!
en_2289	Why did the chair go to the barber? Because it needed a cut!
en_2290	Why did the bicycle go to the wash? Because it needed a new chain!
en_2291	Why did the shoes go to the blender? They wanted to have a smoothie!
en_2292	Why did the towel take the train from New York to Chicago? No move, just a change of scenery.
en_2293	Why did the laptop go to the spray tan salon? It wanted to look good for the next big screen job!
en_2294	Why does the drill have a little secret? It never tells books out!
en_2295	Why did the computer go to the spray can? It wanted to be a keyboard-friendly.
en_2296	Why did the fridge have a measuring tape? Because it wanted to be cool and precise.
en_2297	Why don't scientists like to play with eggs? Because they might measure it wrong!
en_2298	Why did the chair go to the doctor? Because it was feeling shaken to the core!
en_2299	Why did the corn go to an online dating website?Because it wanted to blend with other kernels!
en_2300	What do you get when you mix tomatoes with drills? A can of tomato soup!